Symbol,Name,,,,Lien 
SPY,SPDR S&P 500 ETF,,,,https://stockmarketmba.com/listoftop100etfs.php
AMJ,JPMorgan Alerian MLP ETN,,,,
IVV,iShares Core S&P 500 Index Fund ETF,,,,
VOO,Vanguard S&P 500 ETF,,,,
VTI,Vanguard Total Stock Market ETF,,,,
QQQ,Invesco QQQ ETF,,,,
VTV,Vanguard Value ETF,,,,
VEA,Vanguard FTSE Developed Markets ETF,,,,
BND,Vanguard Total Bond Market ETF,,,,
AGG,iShares Core U.S. Aggregate Bond ETF,,,,
IEFA,iShares Core MSCI EAFE ETF,,,,
VUG,Vanguard Growth ETF,,,,
VWO,Vanguard FTSE Emerging Markets ETF,,,,
FLYD,Bank of Montreal MicroSectors Travel -3x Inverse Leveraged ETN,,,,
FLYU,Bank of Montreal MicroSectors Travel 3x Leveraged ETN,,,,
IJR,iShares Core S&P Small-Cap ETF,,,,
VIG,Vanguard Dividend Appreciation ETF,,,,
IEMG,iShares Core MSCI Emerging Markets ETF,,,,
IWF,iShares Russell 1000 Growth ETF,,,,
IJH,iShares Core S&P Mid-Cap ETF,,,,
GLD,SPDR Gold Shares ETF,,,,
IWM,iShares Russell 2000 ETF,,,,
IWD,iShares Russell 1000 Value ETF,,,,
VO,Vanguard Mid-Cap ETF,,,,
BNDX,Vanguard Total International Bond ETF,,,,
VYM,Vanguard High Dividend Yield ETF,,,,
VCSH,Vanguard Short-Term Corporate Bond ETF,,,,
VXUS,Vanguard Total International Stock ETF,,,,
VGT,Vanguard Information Technology ETF,,,,
EFA,iShares MSCI EAFE ETF,,,,
ITOT,iShares Core S&P Total U.S. Stock Market ETF,,,,
VCIT,Vanguard Intermediate-Term Corporate Bond ETF,,,,
BSV,Vanguard Short-Term Bond ETF,,,,
VB,Vanguard Small-Cap ETF,,,,
XLV,Healthcare Select Sector SPDR ETF,,,,
XLK,Technology Select Sector SPDR ETF,,,,
SCHD,Schwab U.S. Dividend Equity ETF,,,,
XLE,Energy Select Sector SPDR ETF,,,,
VNQ,Vanguard REIT ETF,,,,
LQD,iShares iBoxx $ Investment Grade Corporate Bond ETF,,,,
XLF,Financial Select Sector SPDR ETF,,,,
VEU,Vanguard FTSE All World Ex US ETF,,,,
RSP,Invesco S&P 500 Equal Weight ETF,,,,
IVW,S&P 500 Growth ETF,,,,
MUB,iShares National Muni Bond ETF,,,,
SHY,Barclays 1-3 Year Treasury Bond ETF,,,,
TIP,iShares TIPS Bond Fund ETF,,,,
SCHX,Schwab U.S. Large-Cap ETF,,,,
USMV,iShares MSCI U.S. Minimum Volatility ETF,,,,
IAU,iShares COMEX Gold Trust ETF,,,,
DIA,SPDR Dow Jones Industrial Average ETF,,,,
IWB,iShares Russell 1000 ETF,,,,
IWR,iShares Russell Midcap Index Fund ETF,,,,
TLT,iShares 20+ Year Treasury Bond ETF,,,,
IXUS,iShares Core MSCI Total International Stock ETF,,,,
SCHF,Schwab International Equity ETF,,,,
SHV,iShares Short Treasury Bond ETF,,,,
VV,Vanguard Large-Cap ETF,,,,
GOVT,iShares Barclays U.S. Treasury Bond ETF,,,,
BIL,SPDR Barclays Capital 1-3 Month T-Bill ETF,,,,
JPST,JPMorgan Ultra-Short Income ETF,,,,
IEF,Ishares 7-10 Year Treasury Bond ETF,,,,
IVE,iShares S&P 500 Value ETF,,,,
DGRO,iShares Core Dividend Growth ETF,,,,
EEM,iShares MSCI Emerging Markets ETF,,,,
VBR,Vanguard Small-Cap Value ETF,,,,
IGSB,iShares Short-Term Corporate Bond ETF,,,,
VT,Vanguard Total World Stock ETF,,,,
SDY,SPDR S&P Dividend ETF,,,,
ESGU,iShares MSCI USA ESG Optimized ETF,,,,
VTIP,Vanguard Short-Term Inflation-Protected Securities ETF,,,,
MBB,iShares MBS Bonds ETF,,,,
DVY,iShares Dow Jones Select Dividend Index Fund ETF,,,,
SCHB,U.S Broad Market ETF,,,,
VTEB,Vanguard Tax-Exempt Bond ETF,,,,
QUAL,iShares MSCI USA Quality Factor ETF,,,,
IUSB,iShares Core Total USD Bond Market ETF,,,,
MDY,SPDR S&P Midcap 400 ETF,,,,
XLU,Utilities Select Sector SPDR ETF,,,,
VHT,Vanguard Health Care ETF,,,,
VGSH,Vanguard Short-Term Government Bond ETF,,,,
XLP,Consumer Staples Select Sector SPDR ETF,,,,
XLY,Consumer Discretionary Select Sector SPDR ETF,,,,
ACWI,iShares MSCI ACWI ETF,,,,
SCHP,Schwab U.S. TIPS ETF,,,,
PFF,iShares Preferred and Income Securities ETF,,,,
VOE,Vanguard Mid-Cap Value ETF,,,,
EMB,iShares J.P. Morgan USD Emerging Markets Bond ETF,,,,
DFAC,Dimensional U.S. Core Equity 2 ETF,,,,
VMBS,Vanguard Mortgage-Backed Securities ETF,,,,
SCHG,Schwab U.S. Large-Cap Growth ETF,,,,
SPLG,SPDR Portfolio Large Cap ETF,,,,
VGK,Vanguard FTSE Europe ETF,,,,
SCHA,Schwab U.S. Small-Cap ETF,,,,
JEPI,JPMorgan Equity Premium Income ETF,,,,
EFV,iShares MSCI EAFE Value Index Fund ETF,,,,
VXF,Vanguard Extended Market ETF,,,,
SPYG,SPDR Portfolio S&P 500 Growth ETF,,,,
STIP,iShares Barclays 0-5 Year TIPS ETF,,,,
BIV,Vanguard Intermediate-Term Bond ETF,,,,
IWS,iShares Russell Mid-Cap Value ETF,,,,
IEI,iShares 3-7 Year Treasury Bond ETF,,,,
SPYV,SPDR Portfolio S&P 500 Value ETF,,,,
XLI,Industrial Select Sector SPDR ETF,,,,
HDV,iShares Core High Dividend ETF,,,,
HYG,iShares iBoxx High Yield Corporate Bond ETF,,,,
VBK,Vanguard Small-Cap Growth ETF,,,,
VGIT,Vanguard Intermediate-Term Government Bond ETF,,,,
FVD,First Trust VL Dividend ETF,,,,
MINT,PIMCO Enhanced Short Maturity Strategy Fund ETF,,,,
IWP,iShares Russell Mid-Cap Growth ETF,,,,
IWN,iShares Russell 2000 Value ETF,,,,
IUSV,iShares Core S&P U.S.Value ETF,,,,
GSLC,Goldman Sachs ActiveBeta U.S. Large Cap Equity ETF,,,,
IUSG,iShares Core S&P U.S. Growth ETF,,,,
TQQQ,ProShares UltraPro QQQ (3x) ETF,,,,
SPDW,SPDR Portfolio World ex-US ETF,,,,
MGK,Vanguard Mega Cap 300 Growth ETF,,,,
SPLV,S&P 500 Low Volatility Portfolio ETF,,,,
SCHO,Schwab Short-Term U.S. Treasury ETF,,,,
IWV,iShares Russell 3000 ETF,,,,
NOBL,S&P 500 Dividend Aristocrats ETF,,,,
FLOT,iShares Floating Rate Note ETF,,,,
USFR,WisdomTree Floating Rate Treasury Fund ETF,,,,
GDX,VanEck Vectors Gold Miners ETF,,,,
IGIB,iShares Intermediate-Term Corporate Bond ETF,,,,
SLV,iShares Silver Trust ETF,,,,
MTUM,iShares MSCI USA Momentum Factor ETF,,,,
SCZ,iShares MSCI EAFE Small Cap ETF,,,,
SUB,iShares Short-Term National Muni Bond ETF,,,,
VOT,Vanguard Mid-Cap Growth ETF,,,,
SCHV,Schwab U.S. Large-Cap Value ETF,,,,
FNDX,Schwab Fundamental U.S. Large Company Index ETF,,,,
EFG,iShares MSCI EAFE Growth ETF,,,,
IWO,iShares Russell 2000 Growth ETF,,,,
EWJ,iShares MSCI Japan ETF,,,,
SCHM,Schwab U.S. Mid Cap ETF,,,,
VFH,Vanguard Financials ETF,,,,
SCHR,Schwab Intermediate-Term U.S. Treasury ETF,,,,
USHY,iShares Broad USD High Yield Corporate Bond ETF,,,,
XLC,Communication Services Select Sector SPDR ETF,,,,
SCHE,Schwab Emerging Markets Equity ETF,,,,
FTCS,First Trust Capital Strength ETF,,,,
PDBC,Invesco DB Optimum Yield Diversified Commodity Strategy ETF,,,,
IBB,iShares Nasdaq Biotechnology ETF,,,,
RDVY,First Trust Rising Dividend Achievers ETF,,,,
VLUE,iShares MSCI USA Value Factor ETF,,,,
OEF,iShares S&P 100 Index Fund ETF,,,,
ARKK,Ark Innovation ETF,,,,
VDE,Vanguard Energy ETF,,,,
SRLN,SPDR Blackstone/GSO Senior Loan ETF,,,,
DFUV,Dimensional ETF Trust Dimensional US Marketwide Value ETF,,,,
SPYD,SPDR Portfolio S&P 500 High Dividend ETF,,,,
SPSB,SPDR Portfolio Short Term Corporate Bond ETF,,,,
COWZ,Pacer US Cash Cows 100 ETF,,,,
ICSH,iShares Liquidity Income ETF,,,,
FNDF,Schwab Fundamental International Large Company Index ETF,,,,
SCHZ,Schwab U.S. Aggregate Bond ETF,,,,
XBI,SPDR S&P Biotech ETF,,,,
VONG,Vanguard Russell 1000 Growth ETF,,,,
VSS,Vanguard FTSE All-World ex-US Small-Cap ETF,,,,
MCHI,iShares MSCI China ETF,,,,
IDEV,iShares Core MSCI International Developed Markets ETF,,,,
USIG,iShares Broad USD Investment Grade Corporate Bond ETF,,,,
IJJ,iShares S&P Mid-Cap 400 Value ETF,,,,
GUNR,FlexShares Morningstar Global Upstream Natural Resources ETF,,,,
DGRW,WisdomTree U.S. Quality Dividend Growth ETF,,,,
QYLD,Horizons NASDAQ 100 Covered Call ETF,,,,
VDC,Vanguard Consumer Staples ETF,,,,
DFAT,Dimensional U.S. Targeted Value ETF,,,,
FTSM,First Trust Enhanced Short Maturity ETF,,,,
VOOG,Vanguard S&P 500 Growth ETF,,,,
IJK,iShares S&P Mid-Cap 400 Growth ETF,,,,
FPE,First Trust Preferred Securities and Income ETF,,,,
BBJP,JPMorgan BetaBuilders Japan ETF,,,,
AMLP,Alerian MLP ETF,,,,
IJS,iShares S&P SmallCap 600 Value ETF,,,,
SMH,VanEck Vectors Semiconductor ETF,,,,
MOAT,Market Vectors Morningstar Wide Moat ETF,,,,
SPAB,SPDR Portfolio Aggregate Bond ETF,,,,
IHI,iShares U.S. Medical Devices ETF,,,,
IYW,iShares U.S. Technology ETF,,,,
SPIB,SPDR Portfolio Intermediate Term Corporate Bond ETF,,,,
EEMV,iShares MSCI Emerging Markets Minimum Volatility ETF,,,,
ESGD,iShares MSCI EAFE ESG Optimized ETF,,,,
SOXX,iShares PHLX Semiconductor ETF,,,,
VONV,Vanguard Russell 1000 Value ETF,,,,
VPU,Vanguard Utilities ETF,,,,
ESGV,Vanguard ESG U.S. Stock ETF,,,,
BBCA,JPMorgan BetaBuilders Canada ETF,,,,
PRF,FTSE RAFI US 1000 Portfolio ETF,,,,
KWEB,CSI China Internet ETF,,,,
SPTL,SPDR Portfolio Long Term Treasury ETF,,,,
MGV,Vanguard Mega Cap 300 Value ETF,,,,
ISTB,iShares Core 1-5 Year US Bond ETF,,,,
PGX,Invesco Preferred Portfolio ETF,,,,
VPL,Vanguard Pacific ETF,,,,
SPTM,SPDR Portfolio Total Stock Market ETF,,,,
SPEM,SPDR Portfolio Emerging Markets ETF,,,,
SCHH,Schwab U.S. REIT ETF,,,,
LMBS,First Trust Low Duration Opportunities ETF,,,,
EFAV,iShares MSCI EAFE Minimum Volatility Index Fund ETF,,,,
DFUS,Dimensional U.S. Equity ETF,,,,
JNK,SPDR Barclays High Yield Bond ETF,,,,
FNDA,Schwab Fundamental U.S. Small Company Index ETF,,,,
SQQQ,ProShares UltraPro Short QQQ (3x) ETF,,,,
ICLN,iShares S&P Global Clean Energy Index Fund ETF,,,,
XLB,Materials Select Sector SPDR ETF,,,,
FTEC,Fidelity MSCI Information Technology ETF,,,,
EWZ,iShares MSCI Brazil ETF,,,,
CIBR,First Trust NASDAQ CEA Cybersecurity ETF,,,,
VTWO,Vanguard Russell 2000 ETF,,,,
IJT,iShares S&P SmallCap 600 Growth ETF,,,,
SPMD,SPDR Portfolio Mid Cap ETF,,,,
GLDM,SPDR Gold MiniShares Trust ETF,,,,
SHYG,iShares 0-5 Year High Yield Corporate Bond ETF,,,,
QQQM,Invesco NASDAQ 100 ETF,,,,
SHM,SPDR Nuveen Bloomberg Barclays Short Term Municipal Bond ETF,,,,
SGOV,iShares 0-3 Month Treasury Bond ETF,,,,
FXI,iShares China Large-Cap ETF,,,,
XLRE,Real Estate Select Sector SPDR ETF,,,,
TLH,iShares 10-20 Year Treasury Bond ETF,,,,
NEAR,iShares Short Maturity Bond ETF,,,,
EZU,iShares MSCI Eurozone ETF,,,,
VCR,Vanguard Consumer Discretionary ETF,,,,
IWY,iShares Russell Top 200 Growth ETF,,,,
ACWV,iShares Edge MSCI Minimum Volatility Global ETF,,,,
INDA,iShares MSCI India Index ETF,,,,
VCLT,Vanguard Long-Term Corporate Bond ETF,,,,
DFAX,Dimensional World ex U.S. Core Equity 2 ETF,,,,
CWB,SPDR Barclays Capital Convertible Bond ETF,,,,
FTGC,First Trust Global Tactical Commodity Strategy Fund ETF,,,,
FNDE,Schwab Fundamental Emerging Markets Large Company ETF,,,,
LIT,Global X Lithium ETF,,,,
DFAS,Dimensional U.S. Small Cap ETF,,,,
BLV,Vanguard Long-Term Bond ETF,,,,
IGV,iShares North American Tech-Software ETF,,,,
XOP,S&P Oil and Gas Exploration ETF,,,,
SPSM,SPDR Portfolio Small Cap ETF,,,,
FDN,First Trust Dow Jones Internet ETF,,,,
SH,ProShares Short S&P 500 ETF,,,,
DBEF,X-Trackers MSCI EAFE Hedged Equity ETF,,,,
SPMB,SPDR Portfolio Mortgage Backed Bond ETF,,,,
ESGE,iShares MSCI EM ESG Optimized ETF,,,,
IDV,iShares International Select Dividend Stocks ETF,,,,
IYR,iShares U.S. Real Estate ETF,,,,
SPTI,SPDR Portfolio Intermediate Term Treasury ETF,,,,
VYMI,Vanguard International High Dividend Yield ETF,,,,
ONEQ,Fidelity Nasdaq Composite ETF,,,,
IAGG,iShares Core International Aggregate Bond ETF,,,,
VGLT,Vanguard Long-Term Government Bond ETF,,,,
SLYV,SPDR S&P 600 Small Cap Value ETF,,,,
IQLT,iShares MSCI Intl Dev Quality Factor ETF,,,,
GBIL,Goldman Sachs Treasury Access 0-1 Year ETF,,,,
ACWX,iShares MSCI ACWI ex US ETF,,,,
MGC,Vanguard Mega Cap 300 ETF,,,,
DFIV,Dimensional International Value ETF,,,,
ITA,iShares U.S. Aerospace & Defence ETF,,,,
FIXD,First Trust TCW Opportunistic Fixed Income ETF,,,,
SPHD,Invesco S&P 500 High Dividend Low Volatility ETF,,,,
VNQI,Vanguard Global ex-U.S. Real Estate ETF,,,,
BBAX,JPMorgan BetaBuilders Developed Asia ex-Japan ETF,,,,
SPTS,SPDR Portfolio Short Term Treasury ETF,,,,
IXJ,iShares S&P Global Healthcare Index Fund ETF,,,,
HEFA,iShares Currency Hedged MSCI EAFE ETF,,,,
AVUV,Avantis U.S. Small Cap Value ETF,,,,
PAVE,Global X U.S. Infrastructure Development ETF,,,,
VIGI,Vanguard International Dividend Appreciation ETF,,,,
IOO,iShares S&P Global 100 Index Fund ETF,,,,
BKLN,Invesco Senior Loan Portfolio ETF,,,,
DSI,iShares KLD 400 Social Index Fund ETF,,,,
EWC,iShares MSCI Canada ETF,,,,
HYLB,Xtrackers USD High Yield Corporate Bond ETF,,,,
TFLO,iShares Treasury Floating Rate Bond ETF,,,,
DLN,WisdomTree LargeCap Dividend Fund ETF,,,,
SOXL,Direxion Semiconductor Bull (3x) ETF,,,,
BSCO,Invesco BulletShrs 2024 Corp Bond ETF,,,,
FLRN,SPDR Barclays Capital Investment Grade Floating Rate ETF,,,,
IGF,iShares S&P Global Infrastructure ETF,,,,
SPHQ,Invesco S&P 500 Quality Portfolio ETF,,,,
DBC,Invesco DB Commodity Index Tracking Fund ETF,,,,
VIS,Vanguard Industrials ETF,,,,
BBEU,JPMorgan BetaBuilders Europe ETF,,,,
FDL,First Trust Morningstar Dividend Leaders ETF,,,,
TFI,SPDR Nuveen Bloomberg Barclays Municipal Bond ETF,,,,
SJNK,Barclays Short Term High Yield Bond ETF,,,,
RPV,Invesco S&P 500 Pure Value ETF,,,,
BOND,PIMCO Active Bond ETF,,,,
IEUR,iShares Core MSCI Europe ETF,,,,
GNR,S&P Global Natural Resources ETF,,,,
SUSA,iShares MSCI USA ESG Select ETF,,,,
FTSL,First Trust Senior Loan ETF,,,,
SLQD,iShares 0-5 Year Investment Grade Corporate Bond ETF,,,,
SKYY,Cloud Computing ETF,,,,
EWT,iShares MSCI Taiwan Capped ETF,,,,
KRE,SPDR S&P Regional Banking  ETF,,,,
IYH,iShares U.S. Healthcare ETF,,,,
SCHC,Schwab International Small-Cap  ETF,,,,
GDXJ,Market Vectors Junior Gold Miners ETF,,,,
ANGL,Market Vectors Fallen Angel High Yield Bond ETF,,,,
EWU,iShares MSCI United Kingdom ETF,,,,
SUSL,iShares ESG MSCI USA Leaders ETF,,,,
JMST,JPMorgan Ultra-Short Municipal ETF,,,,
VUSB,Vanguard Ultra-Short Bond ETF,,,,
DON,WisdomTree MidCap Dividend ETF,,,,
IXN,iShares S&P Global Technology Index Fund ETF,,,,
IGM,iShares Expanded Tech Sector ETF,,,,
USSG,Xtrackers MSCI USA ESG Leaders Equity ETF,,,,
FHLC,Fidelity MSCI Health Care Index ETF,,,,
HYD,Market Vectors High Yield Municipal Index ETF,,,,
PULS,PGIM Ultra Short Bond ETF,,,,
EMLC,Market Vectors Emerging Markets Local Currency Bond ETF,,,,
XT,iShares Exponential Technologies ETF,,,,
QLD,ProShares Ultra QQQ ETF,,,,
FV,First Trust Dorsey Wright Focus 5 ETF,,,,
VAW,Vanguard Materials ETF,,,,
VOOV,Vanguard S&P 500 Value ETF,,,,
TAN,Invesco Solar  ETF,,,,
VSGX,Vanguard ESG International Stock ETF,,,,
VNLA,Janus Short Duration Income ETF,,,,
AAXJ,iShares MSCI All Country Asia ex Japan Index Fund ETF,,,,
VWOB,Vanguard Emerging Markets Government Bond ETF,,,,
BSCN,Invesco BulletShares 2023 Corporate Bond ETF,,,,
REET,iShares Global REIT ETF,,,,
VONE,Vanguard Russell 1000 ETF,,,,
BBIN,JPMorgan BetaBuilders International Equity ETF,,,,
EWY,iShares MSCI South Korea Capped ETF,,,,
GSIE,Goldman Sachs ActiveBeta International Equity ETF,,,,
VOX,Vanguard Telecommunication Services ETF,,,,
EMLP,First Trust North American Energy Infrastructure ETF,,,,
AVUS,Avantis U.S. Equity ETF,,,,
NFRA,FlexShares STOXX Global Broad Infrastructure ETF,,,,
ARKG,Ark Genomic Revolution Multi-Sector ETF,,,,
SPIP,SPDR Portfolio TIPS ETF,,,,
COMT,iShares Commodities Select Strategy ETF,,,,
GVI,iShares Barclays Intermediate Government/Credit Bond Fund ETF,,,,
SSO,ProShares Ultra S&P500 ETF,,,,
JHMM,John Hancock Multifactor Mid Cap ETF,,,,
FNDC,Schwab Fundamental International Small Cap Company Index ETF,,,,
DFAU,Dimensional US Core Equity Market ETF,,,,
FALN,iShares Fallen Angels USD Bond ETF,,,,
GSY,Invesco Enhanced Ultra-Short Bond ETF,,,,
SGOL,Aberdeen Physical Swiss Gold Shares ETF,,,,
FBND,Fidelity Total Bond ETF,,,,
ICF,iShares Cohen & Steers Realty Major ETF,,,,
NUGO,Nuveen Growth Opportunities ETF,,,,
RPG,Invesco S&P 500 Pure Growth ETF,,,,
TDTT,FlexShares iBoxx 3-Year Target Duration TIPS Index Fund ETF,,,,
XSOE,WisdomTree Emerging Markets ex-State-Owned Enterprises ETF,,,,
TOTL,SPDR DoubleLine Total Return Tact ETF,,,,
DGS,WisdomTree Emerging Markets SmallCap Dividend ETF,,,,
SCHK,Schwab 1000 Index ETF,,,,
QCLN,First Trust NASDAQ Clean Edge U.S. Liquid Series ETF,,,,
PBUS,Invesco PureBeta MSCI USA Portfolio ETF,,,,
EMXC,iShares MSCI Emerging Markets ex China ETF,,,,
USO,United States Oil ETF,,,,
EAGG,iShares ESG U.S. Aggregate Bond ETF,,,,
UUP,US Dollar Index Bullish ETF,,,,
PTLC,Pacer Trendpilot 750 ETF,,,,
PSQ,ProShares Short QQQ ETF,,,,
FUTY,Fidelity MSCI Utilities Index ETF,,,,
JETS,US Global Jets ETF,,,,
PFFD,Global X U.S. Preferred ETF,,,,
EBND,SPDR Barclays Capital Emerging Markets Local Bond ETF,,,,
SLYG,SPDR S&P 600 Small Cap Growth ETF,,,,
OIH,VanEck Vectors Oil Services ETF,,,,
KBE,SPDR S&P Bank ETF,,,,
EPP,iShares MSCI Pacific Ex-Japan Index Fund ETF,,,,
IYE,iShares U.S. Energy ETF,,,,
CDC,VictoryShares US EQ Income Enhanced Volatility Wtd ETF,,,,
DXJ,WisdomTree Japan Hedged Equity ETF,,,,
SPXL,Direxion Large Cap Bull 3x Shares ETF,,,,
KBWB,Invesco KBW Bank Portfolio ETF,,,,
URTH,iShares MSCI World ETF,,,,
XLG,Invesco S&P 500 Top 50 ETF,,,,
IXC,iShares Global Energy ETF,,,,
OMFL,Oppenheimer Russell 1000 Dynamic Multifactor ETF,,,,
IBDO,iShares iBonds Dec 2023 Corporate ETF,,,,
PZA,Invesco National AMT-Free Municipal Bond ETF,,,,
VIOO,Vanguard S&P Small-Cap 600 ETF,,,,
XYLD,Global X S&P 500 Covered Call ETF,,,,
IBDP,iShares iBonds Dec 2024 Corporate ETF,,,,
DFAI,Dimensional International Core Equity Market ETF,,,,
IYF,iShares U.S. Financials ETF,,,,
RYT,Invesco S&P 500 Equal Weight Technology ETF,,,,
PRFZ,Invesco FTSE RAFI US 1500 Small-Mid Portfolio ETF,,,,
VRP,Invesco Variable Rate Preferred ETF,,,,
FMB,First Trust Managed Municipal ETF,,,,
BSCM,Invesco BulletShares 2022 Corp Bd ETF,,,,
UPRO,ProShares UltraPro S&P 500 (3x) ETF,,,,
AOR,iShares S&P Growth Allocation Fund ETF,,,,
ICVT,iShares Convertible Bond ETF,,,,
MDYV,SPDR S&P 400 Mid Cap Value ETF,,,,
USRT,iShares Core U.S. REIT ETF,,,,
HYMB,SPDR Nuveen S&P High Yield Municipal Bond ETF,,,,
DIVO,Amplify Yieldshares CWP Dividend Option Income ETF,,,,
CMF,iShares California Muni Bond ETF,,,,
FXN,First Trust Energy AlphaDEX Fund ETF,,,,
BSCP,Invesco BulletShares 2025 Corporate Bond ETF,,,,
BAB,Invesco Taxable Municipal Bond Portfolio ETF,,,,
DES,WisdomTree Trust SmallCap Dividend Fund ETF,,,,
HYLS,First Trust Tactical High Yield ETF,,,,
MDYG,SPDR S&P 400 Mid Cap Growth ETF,,,,
XME,SPDR S&P Metals and Mining ETF,,,,
DEM,WisdomTree Emerging Markets High-Yielding ETF,,,,
JAAA,Janus Henderson AAA CLO ETF,,,,
ITM,Market Vectors Intermediate Municipal ETF,,,,
URA,Global X Uranium ETF,,,,
ASHR,CSI 300 China A-Shares ETF,,,,
AVDV,Avantis International Small Cap Value ETF,,,,
PHO,Invesco Water Resource ETF,,,,
IHF,iShares U.S. Healthcare Providers ETF,,,,
KOMP,SPDR Kensho New Economies Composite ETF,,,,
IFRA,iShares U.S. Infrastructure ETF,,,,
PCY,Invesco Emerging Markets Sovereign Debt Portfolio ETF,,,,
SLY,S&P Smallcap 600 ETF,,,,
FAS,Direxion Financial Bull 3x Shares ETF,,,,
IPAC,iShares Core MSCI Pacific ETF,,,,
DBA,Invesco DB Agriculture Fund ETF,,,,
EWA,iShares MSCI Australia ETF,,,,
ILCG,iShares Morningstar Growth ETF,,,,
TDIV,First Trust NASDAQ Technology Dividend Index ETF,,,,
RWR,SPDR Dow Jones REIT ETF,,,,
TIPX,SPDR Barclays 1-10 Year TIPS ETF,,,,
FLCB,Franklin Liberty U.S. Core Bond ETF,,,,
GSG,iShares GSCI Commodity-Indexed Trust Fund ETF,,,,
QTEC,First Trust NASDAQ-100-Technology Sector ETF,,,,
HACK,ETFMG Prime Cyber Security ETF,,,,
IYK,iShares U.S. Consumer Goods ETF,,,,
AVDE,Avantis International Equity ETF,,,,
LDUR,PIMCO Low Duration ETF,,,,
FREL,Fidelity MSCI Real Estate Index ETF,,,,
IBDN,iShares iBonds Dec 2022 Corporate ETF,,,,
IBDQ,iShares iBonds Dec 2025 Corporate ETF,,,,
QDF,FlexShares Quality Dividend ETF,,,,
FXH,First Trust Health Care AlphaDEX ETF,,,,
FNCL,Fidelity MSCI Financials Index ETF,,,,
NULV,NuShares ESG Large-Cap Value ETF,,,,
FXR,First Trust Industrials AlphaDEX ETF,,,,
IYY,iShares Dow Jones U.S. ETF,,,,
AOM,iShares S&P Moderate Allocation Fund ETF,,,,
RWL,Oppenheimer Large Cap Revenue ETF,,,,
FENY,Fidelity MSCI Energy Index ETF,,,,
HYDW,Xtrackers Low Beta High Yield Bond ETF,,,,
IEV,iShares Europe ETF,,,,
ESML,iShares MSCI USA Small-Cap ESG Optimized ETF,,,,
STPZ,PIMCO 1-5 Year U.S. TIPS Index Fund ETF,,,,
IGLB,iShares Long-Term Corporate Bond ETF,,,,
MOO,Market Vectors Agribusiness ETF,,,,
DFAE,Dimensional Emerging Core Equity Market ETF,,,,
CWI,SPDR MSCI ACWI ex-US ETF,,,,
IVLU,iShares MSCI International Developed Value Factor ETF,,,,
TILT,FlexShares Morningstar U.S. Market Factor Tilt ETF,,,,
IYG,iShares U.S. Financial Services ETF,,,,
SPXU,ProShares UltraPro Short S&P500 ETF,,,,
PPA,Invesco Aerospace & Defense ETF,,,,
BBMC,JPMorgan BetaBuilders U.S. Mid Cap Equity ETF,,,,
AOA,iShares S&P Aggressive Allocation Fund ETF,,,,
IVOL,Quadratic Interest Rate Volatility and Inflation Hedge ETF,,,,
UCON,First Trust TCW Unconstrained Plus Bond ETF,,,,
IWX,iShares Russell Top 200 Value ETF,,,,
IVOO,Vanguard S&P Mid-Cap 400 ETF,,,,
FXZ,First Trust Materials AlphaDEX Fund ETF,,,,
PEY,Invesco High Yield Equity Dividend Achievers Portfolio ETF,,,,
FEZ,SPDR Euro Stoxx 50 ETF,,,,
FBT,First Trust NYSE Arca Biotechnology ETF,,,,
UITB,USAA Core Intermediate-Term Bond ETF,,,,
COPX,Global X Copper Miners ETF,,,,
RODM,Hartford Multifactor Developed Markets (ex-US) ETF,,,,
EWL,iShares MSCI Switzerland Capped ETF,,,,
RYLD,Global X Russell 2000 Covered Call ETF,,,,
AVEM,Avantis Emerging Markets Equity ETF,,,,
LCTU,BlackRock U.S. Carbon Transition Readiness ETF,,,,
HYS,PIMCO 0-5 Year High Yield Corporate Bond Index Fund ETF,,,,
TBT,ProShares UltraShort 20+ Year Treasury (2x) ETF,,,,
DFCF,Dimensional Core Fixed Income ETF,,,,
EDV,Vanguard Extended Duration Treasury ETF,,,,
MLPA,Global X MLP ETF,,,,
BOTZ,Global X Robotics & Artificial Intelligence ETF,,,,
PGF,Invesco Financial Preferred ETF,,,,
ITB,iShares U.S. Home Construction ETF,,,,
HNDL,NASDAQ 7HANDL Index ETF,,,,
REGL,ProShares S&P MidCap 400 Dividend Aristocrats ETF,,,,
SPGP,Invesco S&P 500 GARP ETF,,,,
ARKW,Ark Web x.0 ETF,,,,
SDS,UltraShort (2x) S&P 500 ETF,,,,
KXI,iShares S&P Global Consumer Staples Sector Index Fund ETF,,,,
AIA,iShares S&P Asia 50 ETF,,,,
BSCQ,Invesco BulletShares 2026 Corporate Bond ETF,,,,
INFL,Horizon Kinetics Inflation Beneficiaries ETF,,,,
PICK,iShares MSCI Global Metals & Mining Producers ETF,,,,
DHS,WisdomTree High Dividend ETF,,,,
FIW,First Trust ISE Water Index Fund ETF,,,,
GXC,SPDR S&P China ETF,,,,
IHDG,WisdomTree International Hedged Dividend Growth ETF,,,,
HEDJ,WisdomTree Europe Hedged Equity ETF,,,,
GUSA,Goldman Sachs ETF Trust II Goldman Sachs MarketBeta U.S. 1000 Equity ETF,,,,
IBDR,iShares iBonds Dec 2026 Term Corporate ETF,,,,
VIOV,Vanguard S&P Small-Cap 600 Value ETF,,,,
VTHR,Vanguard Russell 3000 ETF,,,,
SPYX,SPDR S&P 500 Fossil Fuel Free ETF,,,,
XAR,SPDR S&P Aerospace & Defense ETF,,,,
PXH,Invesco FTSE RAFI Emerging Markets Portfolio ETF,,,,
TECL,Direxion Technology Sector (3x) ETF,,,,
BBUS,JPMorgan BetaBuilders U.S. Equity ETF,,,,
EWG,iShares MSCI Germany ETF,,,,
SDOG,ALPS Sector Dividend Dogs ETF,,,,
EUFN,iShares MSCI Europe Financials ETF,,,,
JAGG,JPMorgan U.S. Aggregate Bond ETF,,,,
RPAR,RPAR Risk Parity ETF,,,,
IMCG,iShares Morningstar Mid-Cap Growth ETF,,,,
FLTR,Market Vectors Investment Grade Floating Rate ETF,,,,
ROBO,Robo Global Robotics & Automation Index ETF,,,,
FDVV,Fidelity Core Dividend ETF,,,,
XMLV,Invesco S&P 400 Low Volatility ETF,,,,
BUG,Global X Cybersecurity ETF,,,,
PDP,Invesco DWA Momentum Portfolio ETF,,,,
FXO,First Trust Financials AlphaDEX ETF,,,,
QQEW,First Trust NASDAQ-100 Equal Weighted Index Fund ETF,,,,
RWO,SPDR Dow Jones Global Real Estate ETF,,,,
FTXN,First Trust Nasdaq Oil & Gas ETF,,,,
KSA,iShares MSCI Saudi Arabia Capped ETF,,,,
SPXS,Direxion Daily Large Cap Bear (3x)  ETF,,,,
FDIS,Fidelity MSCI Consumer Discretionary ETF,,,,
PKW,Invesco Buyback Achievers ETF,,,,
PBW,Invesco WilderHill Clean Energy Portfolio ETF,,,,
LRGF,iShares FactorSelect MSCI USA ETF,,,,
FTA,First Trust Large Cap Value Opportunities AlphaDEX Fund ETF,,,,
UVXY,Ultra VIX Short-Term Futures (2x) ETF,,,,
USMC,Principal U.S. Mega-Cap Multi-Factor Index ETF,,,,
PSK,SPDR Wells Fargo Preferred Stock ETF,,,,
BCI,Aberdeen Bloomberg All Commodity K-1 Free Strategy ETF,,,,
PXF,Invesco FTSE RAFI Developed Markets ex-U.S. Portfolio ETF,,,,
IAUM,iShares Gold Trust Micro ETF,,,,
DLS,WisdomTree International SmallCap Fund ETF,,,,
XSD,SPDR S&P Semiconductor ETF,,,,
FEX,First Trust Large Cap Core AlphaDEX ETF,,,,
FSTA,Fidelity MSCI Consumer Staples Index ETF,,,,
IYJ,iShares U.S. Industrials ETF,,,,
DTD,Wisdom Tree Total Dividend ETF,,,,
CALF,Pacer US Small Cap Cash Cows ETF,,,,
IDU,iShares U.S. Utilities ETF,,,,
GLTR,Aberdeen Physical Precious Metals Basket Shares ETF,,,,
ILF,iShares Latin America 40 ETF,,,,
ARKQ,Ark Industrial Innovation ETF,,,,
HTRB,Hartford Total Return Bond ETF,,,,
LABU,Direxion Daily S&P Biotech Bull 3X ETF,,,,
SRVR,Pacer Benchmark Data & Infrastructure Real Estate SCTR Strategy ETF,,,,
FXL,First Trust Technology AlphaDEX ETF,,,,
JCPI,J P MORGAN EXCHANGE-TRADED FD TR JPMorgan Inflation Managed Bond ETF,,,,
SUSC,iShares ESG USD Corporate Bond ETF,,,,
QLTA,iShares Aaa - A Rated Corporate Bond ETF,,,,
PPLT,Aberdeen Physical Platinum Shares ETF,,,,
PFXF,Market Vectors Preferred Securities ex Financials ETF,,,,
FPX,First Trust US Equity Opportunities ETF,,,,
JEMA,JPMorgan Emerging Markets Equity Core ETF,,,,
DFIC,Dimensional ETF Trust Dimensional International Core Equity 2 ETF,,,,
SUSB,iShares ESG 1-5 Year USD Corporate Bond ETF,,,,
MLPX,Global X MLP & Energy Infrastructure ETF,,,,
TNA,Direxion Daily Small Cap Bull (3x) ETF,,,,
DUHP,Dimensional US High Profitability ETF,,,,
AOK,iShares S&P Conservative Allocation Fund ETF,,,,
GEM,Goldman Sachs ActiveBeta Emerging Markets Equity ETF,,,,
AGGY,WisdomTree Barclays U.S. Aggregate Bond Enhanced Yield Fund ETF,,,,
IGOV,iShares International Treasury Bond ETF,,,,
SECT,Main Sector Rotation ETF,,,,
BBRE,JPMorgan BetaBuilders MSCI US REIT ETF,,,,
IEO,iShares U.S. Oil & Gas Exploration & Production ETF,,,,
SIVR,Aberdeen Silver Trust ETF,,,,
XMMO,Invesco S&P MidCap Momentum ETF,,,,
FLQL,Franklin LibertyQ U.S. Equity ETF,,,,
SMLF,iShares FactorSelect MSCI USA Small-Cap ETF,,,,
HYGV,FlexShares High Yield Value-Scored Bond Index ETF,,,,
URNM,NorthShore Global Uranium Mining ETF,,,,
CFO,VictoryShares US 500 Enhanced Volatility Wtd ETF,,,,
FNX,First Trust Mid Cap Core AlphaDEX ETF,,,,
CLTL,Invesco Treasury Collateral Portfolio ETF,,,,
RYH,Invesco S&P 500 Equal Weight Health Care ETF,,,,
XHB,SPDR S&P Homebuilders ETF,,,,
FTXG,First Trust Nasdaq Food & Beverage ETF,,,,
DBMF,iM DBi Managed Futures Strategy ETF,,,,
IBDS,iShares iBonds Dec 2027 Term Corporate ETF,,,,
CGW,Invesco S&P Global Water Index ETF,,,,
FTC,First Trust Large Cap Growth Opportunities AlphaDEX Fund ETF,,,,
NUSC,NuShares ESG Small-Cap ETF,,,,
CQQQ,Invesco China Technology ETF,,,,
IWC,iShares Micro-Cap ETF,,,,
DRIV,Global X Autonomous & Electric Vehicles ETF,,,,
FCG,First Trust Natural Gas ETF,,,,
SDVY,First Trust SMID Cap Rising Dividend Achievers ETF,,,,
BAR,GraniteShares Gold Trust ETF,,,,
HDEF,Xtrackers MSCI EAFE High Dividend Yield Equity ETF,,,,
EELV,Invesco S&P Emerging Markets Low Volatility Portfolio ETF,,,,
QUS,SPDR MSCI USA StrategicFactors ETF,,,,
IYM,iShares U.S. Basic Materials ETF,,,,
DRSK,Aptus Defined Risk ETF,,,,
ALTL,Pacer Lunt Large Cap Alternator ETF,,,,
BWX,SPDR Barclays Capital International Treasury Bond ETF,,,,
SIL,Global Silver Miners ETF,,,,
JPRE,J.P. Morgan Exchange-Traded Fund Trust JPMorgan Realty Income ETF,,,,
IGE,iShares North American Natural Resources ETF,,,,
JMBS,Janus Henderson Mortgage-Backed Securities ETF,,,,
REZ,iShares Residential Real Estate Capped ETF,,,,
FLJP,Franklin FTSE Japan ETF,,,,
GTO,Invesco Total Return Bond ETF,,,,
DFSD,Dimensional Short-Duration Fixed Income ETF,,,,
RAVI,FlexShares Ready Access Variable Inc ETF,,,,
JMEE,J.P. Morgan Exchange-Traded Fund Trust JPMorgan Market Expansion Enhanced Equity ETF,,,,
UCO,Ultra Bloomberg Crude Oil (2x) ETF,,,,
CRBN,iShares MSCI ACWI Low Carbon Target ETF,,,,
LQDH,iShares Interest Rate Hedged Corp Bd ETF,,,,
CXSE,WisdomTree China ex-State-Owned Enterprises ETF,,,,
SPHY,SPDR Portfolio High Yield Bond ETF,,,,
IAT,iShares U.S. Regional Banks ETF,,,,
EWQ,iShares MSCI France ETF,,,,
PID,Invesco Intl Dividend Achievers ETF,,,,
EUSB,iShares ESG Advanced Total USD Bond Market ETF,,,,
PABU,iShares Paris-Aligned Climate MSCI USA ETF,,,,
ARKF,ARK Fintech Innovation ETF,,,,
ONEY,SPDR Russell 1000 Yield Focus ETF,,,,
MUNI,PIMCO Intermediate Municipal Bond Strategy Fund ETF,,,,
INTF,iShares FactorSelect MSCI International ETF,,,,
VTWV,Vanguard Russell 2000 Value ETF,,,,
FIVG,Defiance Next Gen Connectivity ETF,,,,
RWJ,Oppenheimer Small Cap Revenue ETF,,,,
NULG,NuShares ESG Large-Cap Growth ETF,,,,
IYT,iShares Transportation ETF,,,,
DSTL,Distillate U.S. Fundamental Stability & Value ETF,,,,
IWL,iShares Russell Top 200 ETF,,,,
IVOV,Vanguard S&P Mid-Cap 400 Value ETF,,,,
RDIV,Oppenheimer Ultra Dividend Revenue ETF,,,,
FYX,First Trust Small Cap Core AlphaDEX ETF,,,,
IMTM,iShares MSCI Intl Dev Mom Factor ETF,,,,
SMDV,ProShares Russell 2000 Dividend Growers ETF,,,,
IBTD,iShares iBonds Dec 2023 Term Treasury ETF,,,,
QQQJ,Invesco NASDAQ Next Gen 100 ETF,,,,
PWV,Invesco Dynamic LargeCap Value ETF,,,,
EMGF,iShares FactorSelect MSCI Emerging ETF,,,,
ACES,ALPS Clean Energy ETF,,,,
LVHD,Legg Mason Low Volatility High Dividend ETF,,,,
KRBN,KFA Global Carbon ETF,,,,
REMX,Market Vectors Global Rare Earth/Strategic Metals ETF,,,,
BSJN,Invesco BulletShares 2023 High Yield Corporate Bond ETF,,,,
SMMV,iShares Edge MSCI Min Vol USA Small-Cap ETF,,,,
BUFR,FT Cboe Vest Fund of Buffer ETFs,,,,
PHB,Invesco Fundamental High Yield Corporate Bond Portfolio ETF,,,,
JHML,John Hancock Multifactor Large Cap ETF,,,,
QEFA,SPDR MSCI EAFE StrategicFactors ETF,,,,
CGGR,Capital Group Growth ETF,,,,
ILCB,iShares Morningstar Large-Cap ETF,,,,
CGDV,Capital Group Dividend Value ETF,,,,
QID,ProShares UltraShort (2x) QQQ ETF,,,,
IMCB,iShares Morningstar Mid-Cap ETF,,,,
IXG,iShares Global Financials ETF,,,,
EPI,WisdomTree India Earnings Fund ETF,,,,
ILCV,iShares Morningstar Value ETF,,,,
SNPE,Xtrackers S&P 500 ESG ETF,,,,
QVML,Invesco S&P 500 QVM Multi-factor ETF,,,,
OUSA,OShares FTSE US Quality Dividend ETF,,,,
IYC,iShares Dow Jones U.S. Consumer Index Fund ETF,,,,
IVOG,Vanguard S&P Mid-Cap 400 Growth ETF,,,,
PTNQ,Pacer Trendpilot 100 ETF,,,,
EZM,WisdomTree MidCap Earnings Fund ETF,,,,
QQQE,Direxion NASDAQ-100 Equal Weighted Index Shares ETF,,,,
NTSX,WisdomTree 90/60 U.S. Balanced Fund ETF,,,,
SDIV,Global X SuperDividend ETF,,,,
XSLV,Invesco S&P 600 Low Volatility ETF,,,,
EWH,iShares MSCI Hong Kong ETF,,,,
JPIN,JPMorgan Diversified Return International Equity ETF,,,,
CMBS,iShares Barclays CMBS Bond ETF,,,,
PCEF,Invesco CEF Income Composite Portfolio ETF,,,,
DIV,Global X SuperDividend US ETF,,,,
TDTF,FlexShares iBoxx 5-Year Target Duration TIPS ETF,,,,
GCOW,Pacer Global Cash Cows Dividend ETF,,,,
QAI,IndexIQ Hedge Multi-Strategy Tracker ETF,,,,
PFM,Invesco Dividend Achievers ETF,,,,
VFVA,Vanguard U.S. Value Factor ETF,,,,
VXX,iPath Series B S&P 500 VIX Short-Term Futures ETN,,,,
JHEM,John Hancock Multifactor Emerging Markets ETF,,,,
EWW,iShares Mexico Capped ETF,,,,
WCLD,WisdomTree Cloud Computing ETF,,,,
DIAL,Columbia Diversified Fixed Income Allocation ETF,,,,
FPEI,First Trust Institutional Preferred Securities and Income ETF,,,,
RWM,Short Russell 2000 ETF,,,,
BITO,ProShares Bitcoin Strategy ETF,,,,
CLOU,Global X Cloud Computing ETF,,,,
VRIG,Invesco Variable Rate Investment Grade Portfolio ETF,,,,
VTWG,Vanguard Russell 2000 Growth ETF,,,,
RHS,Invesco S&P 500 Equal Weight Consumer Staples ETF,,,,
XSVM,Invesco S&P SmallCap Value with Momentum ETF,,,,
FXG,First Trust Consumer Staples AlphaDEX ETF,,,,
KRMA,Global X Conscious Companies ETF,,,,
FIDU,Fidelity MSCI Industrials Index ETF,,,,
GWX,SPDR S&P International Small Cap ETF,,,,
PEJ,Invesco Dynamic Leisure & Entertainment Portfolio ETF,,,,
GSUS,Goldman Sachs MarketBeta U.S. Equity ETF,,,,
SPLB,SPDR Portfolio Long Term Corporate Bond ETF,,,,
SILJ,ETFMG Junior Silver Miners ETF,,,,
AGZ,iShares Agency Bond ETF,,,,
OUNZ,Merk Gold Trust ETF,,,,
SOXS,Direxion Daily Semiconductor Bear (3x) ETF,,,,
TDSC,Cabana Target Drawdown 10 ETF,,,,
TMV,Direxion Daily 20+ Year Treasury Bear 3X ETF,,,,
DFEM,Dimensional ETF Trust Dimensional Emerging Markets Core Equity 2 ETF,,,,
FLCO,Franklin Liberty Investment Grade Corporate ETF,,,,
GUSH,Direxion Daily S&P Oil & Gas Exploration & Production Bull 3X ETF,,,,
CORP,PIMCO Investment Grade Corporate Bond ETF,,,,
LTPZ,PIMCO 15+ Year U.S. TIPS Index Fund ETF,,,,
KBA,KraneShares Bosera MSCI China A Share ETF,,,,
GIGB,Goldman Sachs Access Investment Grade Corporate Bond ETF,,,,
EPS,WisdomTree Earnings 500 Fund ETF,,,,
PPH,Market Vectors Pharmaceutical ETF,,,,
SMMU,PIMCO Short Term Municipal Bond Strategy Fund ETF,,,,
GSEW,Goldman Sachs Equal Weight U.S. Large Cap Equity ETF,,,,
LGLV,SPDR SSGA US Large Cap Low Volatility Index ETF,,,,
NUSI,Nationwide Risk-Managed Income ETF,,,,
EQAL,Invesco Russell 1000 Equal Weight ETF,,,,
MNA,IndexIQ ARB Merger Arbitrage ETF,,,,
INDY,iShares India 50 ETF,,,,
EES,WisdomTree SmallCap Earnings Fund ETF,,,,
REM,iShares Mortgage Real Estate Capped ETF,,,,
TBF,Short 20+Year Treasury  ETF,,,,
VTC,Vanguard Total Corporate Bond ETF,,,,
BNDW,Vanguard Total World Bond ETF,,,,
USXF,iShares ESG Advanced MSCI USA ETF,,,,
JQUA,JPMorgan U.S. Quality Factor ETF,,,,
TZA,Direxion Daily Small Cap Bear (3x) ETF,,,,
GRID,First Trust NASDAQ Clean Edge Smart Grid Infrastructure ETF,,,,
FDRR,Fidelity Dividend Index for Rising Rates ETF,,,,
BSJM,Invesco BulletShares 2022 High Yield Corporate Bond ETF,,,,
PWZ,Invesco California AMT-Free Municipal Bond Portfolio ETF,,,,
EWX,SPDR S&P Emerging Markets Small Cap ETF,,,,
SPDN,Direxion Daily S&P 500 Bear 1x Shares ETF,,,,
ONEV,SPDR Russell 1000 Low Volatility Focus ETF,,,,
NANR,SPDR S&P North American Natural Resources ETF,,,,
DFNM,Dimensional National Municipal Bond ETF,,,,
PWB,Invesco Dynamic Large Cap Growth ETF,,,,
IBDT,iShares iBonds Dec 2028 Term Corporate ETF,,,,
BUFD,FT Cboe Vest Fund of Deep Buffer ETF,,,,
GLOV,Goldman Sachs ETF Trust Goldman Sachs ActiveBeta World Low Vol Plus Equity ETF,,,,
CFA,VictoryShares US 500 Volatility Weighted Index ETF,,,,
DWM,WisdomTree International Equity ETF,,,,
TPYP,Tortoise North American Pipeline Fund ETF,,,,
GSST,Goldman Sachs Access Ultra Short Bond ETF,,,,
ZROZ,PIMCO 25+ Year Zero Coupon U.S. Treasury ETF,,,,
DVYE,iShares Emerging Markets Dividend ETF,,,,
MEAR,iShares Short Maturity Municipal Bond ETF,,,,
IPAY,ETFMG Mobile Payments ETF,,,,
EMQQ,EMQQ Emerging Markets Internet & Ecommerce ETF,,,,
SYLD,Cambria Shareholder Yield ETF,,,,
SARK,Tuttle Capital Short Innovation ETF,,,,
CATH,Global X S&P 500 Catholic Values ETF,,,,
FINX,Global X FinTech Thematic ETF,,,,
IHAK,iShares Cybersecurity and Tech ETF,,,,
FGD,First Trust DJ Global Select Dividend ETF,,,,
NYF,iShares S&P NY Muni ETF,,,,
CGGO,Capital Group Global Growth Equity ETF,,,,
BLOK,Amplify Transformational Data Sharing ETF,,,,
FCOM,Fidelity MSCI Telecom Svcs ETF,,,,
PLW,Invesco 1-30 Treasury Ladder Portfolio ETF,,,,
EIDO,iShares MSCI Indonesia Investable Market ETF,,,,
MSOS,AdvisorShares Pure US Cannabis ETF,,,,
GII,SPDR S&P Global Infrastructure ETF,,,,
EWS,iShares MSCI Singapore Capped ETF,,,,
UDOW,UltraPro Dow30 (3x) ETF,,,,
CNYA,iShares MSCI China A ETF,,,,
PJAN,Innovator S&P 500 Power Buffer January ETF,,,,
RLY,SPDR SSgA Multi-Asset Real Return ETF,,,,
BSJO,Invesco BulletShares 2024 High Yield Corporate Bond ETF,,,,
KNG,Cboe Vest S&P 500 Dividend Aristocrats Target Income ETF,,,,
PSEP,Innovator S&P 500 Power Buffer ETF - September,,,,
IBML,iShares iBonds Dec 2023 Term Muni Bond ETF,,,,
UNG,United States Natural Gas ETF,,,,
FTLS,First Trust Long/Short Equity ETF,,,,
PFFA,Virtus InfraCap U.S. Preferred Stock ETF,,,,
BSCR,Invesco BulletShares 2027 Corporate Bond ETF,,,,
AVLV,Avantis U.S. Large Cap Value ETF,,,,
ECH,iShares MSCI Chile Capped ETF,,,,
NXTG,First Trust Indxx NextG ETF,,,,
IAI,iShares U.S. Broker Dealers ETF,,,,
EFIV,SPDR S&P 500 ESG ETF,,,,
JPUS,JPMorgan Diversified Return US Equity ETF,,,,
UYG,ProShares Ultra Financials ETF,,,,
DFSV,Dimensional US Small Cap Value ETF,,,,
MDIV,First Trust Multi-Asset Diversified Income ETF,,,,
DWX,SPDR S&P International Dividend ETF,,,,
TTT,UltraPro Short 20+ Year Treasury (3x) ETF,,,,
ACIO,Aptus Collared Income Opportunity ETF,,,,
KOKU,Xtrackers MSCI Kokusai Equity ETF,,,,
BIZD,Market Vectors BDC Income ETF,,,,
RYE,Invesco S&P 500 Equal Weight Energy ETF,,,,
DBEU,db X-trackers MSCI Europe Hedged Equity ETF,,,,
HAUZ,Xtrackers International Real Estate ETF,,,,
RWX,SPDR Dow Jones International Real Estate ETF,,,,
VIXY,ProShares VIX Short-Term Futures ETF,,,,
SSUS,Day Hagan/Ned Davis Research Smart Sector ETF,,,,
CCOR,Core Alternative ETF,,,,
PSI,Invesco Dynamic Semiconductors ETF,,,,
VIOG,Vanguard S&P Small-Cap 600 Growth ETF,,,,
KIE,SPDR S&P Insurance ETF,,,,
HEWJ,iShares Currency Hedged MSCI Japan ETF,,,,
EEMA,iShares MSCI Emerging Markets Asia ETF,,,,
PJUL,Innovator S&P 500 Power Buffer ETF,,,,
SMMD,iShares Russell 2500 ETF,,,,
JVAL,JPMorgan U.S. Value Factor ETF,,,,
SPD,Simplify US Equity PLUS Downside Convexity ETF,,,,
BBSC,JPMorgan BetaBuilders U.S. Small Cap Equity ETF,,,,
IYZ,iShares Dow Jones U.S. Telecommunications Index Fund ETF,,,,
IBMM,iShares iBonds Dec 2024 Term Muni Bond ETF,,,,
SPGM,SPDR Portfolio MSCI Global Stock Market ETF,,,,
WIP,SPDR DB International Government Inflation-Protected Bond ETF,,,,
FVAL,Fidelity Value Factor ETF,,,,
CGXU,Capital Group International Focus Equity ETF,,,,
EMCR,Xtrackers Emerging Markets Carbon Reduction and Climate Improvers ETF,,,,
TLTD,FlexShares Morningstar Developed Markets ex-US Market Factor Tilt ETF,,,,
PNQI,Invesco NASDAQ Internet ETF,,,,
FLGB,Franklin FTSE United Kingdom ETF,,,,
SCHY,Schwab International Dividend Equity ETF,,,,
USDU,WisdomTree Bloomberg USD Bullish ETF,,,,
PDN,Invesco FTSE RAFI Developed Markets ex-U.S. Small-Mid Portfolio ETF,,,,
PTMC,Pacer Trendpilot 450 ETF,,,,
IMCV,iShares Morningstar Mid-Cap Value ETF,,,,
GSSC,Goldman Sachs ActiveBeta U.S. Small Cap Equity ETF,,,,
FXU,First Trust Utilities AlphaDEX Fund ETF,,,,
IDLV,S&P International Developed Low Volatility ETF,,,,
IBTE,iShares iBonds Dec 2024 Term Treasury ETF,,,,
VUSE,Vident Core US Equity ETF,,,,
IBMK,iShares iBonds Dec 2022 AMT-Free Muni Bond ETF,,,,
SDOW,UltraPro Short Dow30 (3x) ETF,,,,
IQDF,FlexShares International Quality Dividend Index Fund ETF,,,,
SPHB,S&P 500 High Beta Portfolio ETF,,,,
GCOR,Goldman Sachs Access U.S. Aggregate Bond ETF,,,,
METV,Roundhill Ball Metaverse ETF,,,,
JEPQ,J.P. Morgan Nasdaq Equity Premium Income ETF,,,,
BBH,Market Vectors Biotech ETF,,,,
RYU,Invesco S&P 500 Equal Weight Utilities ETF,,,,
BKLC,BNY Mellon US Large Cap Core Equity ETF,,,,
PAUG,Innovator S&P 500 Power Buffer ETF - August,,,,
SPBO,SPDR Portfolio Corporate Bond ETF,,,,
TAIL,Cambria Tail Risk ETF,,,,
JCPB,JPMorgan Core Plus Bond ETF,,,,
FNDB,Schwab Fundamental U.S. Broad Market Index ETF,,,,
XTN,SPDR S&P Transportation ETF,,,,
DNOV,FT Cboe Vest U.S. Equity Deep Buffer ETF - November,,,,
SHYD,VanEck Vectors Short High-Yield Municipal Index ETF,,,,
SCHI,Schwab 5-10 Year Corporate Bond ETF,,,,
IGHG,Investment Grade Bonds - Interest Rate Hedged ETF,,,,
AAAU,Perth Mint Physical Gold ETF,,,,
IDRV,iShares Self-Driving EV and Tech ETF,,,,
FDLO,Fidelity Low Volatility Factor ETF,,,,
BSJP,Invesco BulletShares 2025 High Yield Corporate Bond ETF,,,,
CSM,ProShares Credit Suisse 130/30 ETF,,,,
ERX,Direxion Daily Energy Bull 2x Shares ETF,,,,
IGRO,iShares International Dividend Growth ETF,,,,
RYF,Invesco S&P 500 Equal Weight Financials ETF,,,,
PMAY,Innovator S&P 500 Power Buffer ETF - May,,,,
FMAT,Fidelity MSCI Materials Index ETF,,,,
IHE,iShares Dow Jones U.S. Pharmaceutical Index Fund ETF,,,,
TMFG,Motley Fool Global Opportunities ETF,,,,
EWP,iShares Spain Capped ETF,,,,
USPX,Franklin U.S. Equity Index ETF,,,,
JHMD,John Hancock Multifactor Developed International ETF,,,,
HYEM,VanEck Vectors Emerging Markets High Yield Bond ETF,,,,
XHE,SPDR S&P Healthcare Equipment ETF,,,,
AIVL,WisdomTree U.S. AI Enhanced Value ETF,,,,
NUGT,Direxion Daily Gold Miner Stocks (2x) ETF,,,,
JPHY,JPMorgan Disciplined High Yield ETF,,,,
TMFC,Motley Fool 100 ETF,,,,
DIHP,Dimensional ETF Trust Dimensional International High Profitability ETF,,,,
FXE,Invesco CurrencyShares Euro Trust ETF,,,,
YINN,Direxion China Bull (3x) ETF,,,,
SDG,iShares MSCI Global Impact ETF,,,,
TMF,Direxion Daily 30-Yr Treasury Bull 3x Shrs ETF,,,,
DNL,WisdomTree Global ex-U.S. Quality Dividend Growth ETF,,,,
WEAT,Teucruim Wheat Fund ETF,,,,
EUSA,iShares MSCI USA Equal Weighted ETF,,,,
PALL,Aberdeen Physical Palladium Shares ETF,,,,
AGZD,WisdomTree Barclays U.S. Aggregate Bond Zero Duration ETF,,,,
LEMB,iShares J.P. Morgan EM Local Currency Bond ETF,,,,
ISCF,iShares FactorSelect MSCI Intl Small-Cap ETF,,,,
VBND,Vident Core US Bond Strategy ETF,,,,
RING,iShares MSCI Global Gold Miners Fund ETF,,,,
SCO,UltraShort (2x) DJ-UBS Crude Oil ETF,,,,
SFY,SoFi Select 500 ETF,,,,
IQSU,IQ Candriam ESG US Equity ETF,,,,
LCTD,BlackRock World ex U.S. Carbon Transition Readiness ETF,,,,
PTBD,Pacer Trendpilot US Bond ETF,,,,
BKAG,BNY Mellon Core Bond ETF,,,,
FDT,First Trust Developed Markets Ex-US AlphaDEX ETF,,,,
XNTK,SPDR NYSE Technology ETF,,,,
PFIX,Simplify Interest Rate Hedge ETF,,,,
PSCT,S&P SmallCap 600 Information Technology Sector ETF,,,,
SMB,Market Vectors Short Municipal Index ETF,,,,
ISDX,Invesco Strategic Developed ex-US ETF,,,,
DWAS,Invesco DWA SmallCap Momentum ETF,,,,
FMAY,FT Cboe Vest U.S. Equity Buffer ETF - May,,,,
USTB,USAA Core Short-Term Bond ETF,,,,
DISV,Dimensional ETF Trust Dimensional International Small Cap Value ETF,,,,
KBWD,Invesco KBW High Dividend Yield Financial Portfolio ETF,,,,
FLGV,Franklin Liberty U.S. Treasury Bond ETF,,,,
SCHJ,Schwab 1-5 Year Corporate Bond ETF,,,,
DBO,Invesco DB Oil Fund ETF,,,,
ISCV,iShares Morningstar Small-Cap Value ETF,,,,
PJUN,Innovator S&P 500 Power Buffer ETF - June,,,,
ISCG,iShares Morningstar Small-Cap Growth ETF,,,,
RTM,Invesco S&P 500 Equal Weight Materials ETF,,,,
EWD,iShares MSCI Sweden Capped ETF,,,,
ROUS,Hartford Multifactor US Equity ETF,,,,
SJB,ProShares Short High Yield ETF,,,,
MMIN,IQ MacKay Shields Municipal Insured ETF,,,,
DOG,ProShares Short Dow30 ETF,,,,
PREF,Principal Spectrum Preferred Securities Active ETF,,,,
ULST,SPDR SSgA Ultra Short Term Bond ETF,,,,
RCD,Invesco S&P 500 Equal Weight Consumer Discretionary ETF,,,,
GMF,SPDR S&P Emerging Asia Pacific ETF,,,,
ROM,ProShares Ultra Technology ETF,,,,
DMXF,iShares ESG Advanced MSCI EAFE ETF,,,,
FXD,First Trust Consumer Discretionary AlphaDEX ETF,,,,
FSMB,First Trust Short Duration Managed Municipal ETF,,,,
IAK,iShares Dow Jones U.S. Insurance Index Fund ETF,,,,
MJ,ETFMG Alternative Harvest ETF,,,,
QDEF,FlexShares Quality Dividend Defensive ETF,,,,
SVXY,ProShares Short VIX Short-Term Futures ETF,,,,
GNMA,iShares Core GNMA Bond ETF,,,,
IBDU,iShares iBonds Dec 2029 Term Corporate ETF,,,,
RWK,Invesco S&P Mid Cap Revenue ETF,,,,
FBCG,Fidelity Blue Chip Growth ETF,,,,
FPXI,First Trust International Equity Opportunities ETF,,,,
DOL,WisdomTree International LargeCap Dividend Fund ETF,,,,
VNM,Market Vectors Vietnam ETF,,,,
VCEB,Vanguard ESG U.S. Corporate Bond ETF,,,,
ADME,Aptus Drawdown Managed Equity ETF,,,,
CMDY,iShares Bloomberg Roll Select Commodity Strategy ETF,,,,
SWAN,Amplify BlackSwan Growth & Treasury Core ETF,,,,
HEZU,iShares Currency Hedged MSCI EMU ETF,,,,
FM,iShares MSCI Frontier 100 ETF,,,,
CNRG,SPDR S&P Kensho Clean Power ETF,,,,
PSCH,Invesco S&P SmallCap 600 Health Care ETF,,,,
GQRE,FlexShares Global Quality Real Estate ETF,,,,
ERTH,Invesco MSCI Sustainable Future ETF,,,,
PBJ,Invesco Dynamic Food & Beverage ETF,,,,
AGQ,ProShares Ultra 2X Silver ETF,,,,
CGUS,Capital Group Core Equity ETF,,,,
EEMS,iShares MSCI Emerging Market Small-cap ETF,,,,
FAUG,FT Cboe Vest U.S. Equity Buffer ETF - August,,,,
JHSC,John Hancock Multifactor Small Cap ETF,,,,
FCTR,First Trust Lunt U.S. Factor Rotation ETF,,,,
FUMB,First Trust Ultra Short Duration Municipal ETF,,,,
RGI,Invesco S&P 500 Equal Weight Industrials ETF,,,,
COM,Direxion Auspice Broad Commodity Strategy ETF,,,,
THD,iShares MSCI Thailand Capped ETF,,,,
PJP,Invesco Dynamic Pharmaceuticals Portfolio ETF,,,,
DBB,Invesco DB Base Metals Fund ETF,,,,
BTAL,QuantShares U.S. Market Neutral Anti-Beta Fund ETF,,,,
VOTE,Engine No. 1 Transform 500 ETF,,,,
NUMG,NuShares ESG Mid-Cap Growth ETF,,,,
BSCS,Invesco BulletShares 2028 Corporate Bond ETF,,,,
FMHI,First Trust Municipal High Income ETF,,,,
PAPR,Innovator S&P 500 Power Buffer ETF - April,,,,
CLSC,Cabana Target Leading Sector Conservative ETF,,,,
IBMN,iShares iBonds Dec 2025 Term Muni Bond ETF,,,,
UJAN,Innovator S&P 500 Ultra Buffer January ETF,,,,
GOVZ,iShares 25  Year Treasury STRIPS Bond ETF,,,,
IQDG,WisdomTree International Quality Dividend Growth ETF,,,,
CHIQ,Global X China Consumer ETF,,,,
MMIT,IQ MacKay Shields Municipal Intermediate ETF,,,,
VIDI,Vident International Equity ETF,,,,
TECB,iShares U.S. Tech Breakthrough Multisector ETF,,,,
DDM,ProShares Ultra Dow30 ETF,,,,
SIZE,iShares MSCI USA Size Factor ETF,,,,
GINN,Goldman Sachs Innovate Equity ETF,,,,
DUSA,Davis Select U.S. Equity ETF,,,,
JPIB,JPMorgan International Bond Opportunities ETF,,,,
EMHY,iShares Emerging Markets High Yield Bond ETF,,,,
RXI,iShares S&P Global Consumer Discretionary Sector Index Fund ETF,,,,
DFEB,FT Cboe Vest U.S. Equity Deep Buffer ETF - February,,,,
SMIN,iShares MSCI India Small Cap ETF,,,,
AMZA,InfraCap MLP ETF,,,,
FJUN,FT Cboe Vest U.S. Equity Buffer ETF - June,,,,
CEMB,iShares J.P. Morgan EM Corporate Bond ETF,,,,
CDL,Victory CEMP US Large Cap High Dividend Volatility Weighted Index ETF,,,,
GSID,Goldman Sachs MarketBeta International Equity ETF,,,,
ILTB,iShares Core Long-Term U.S. Bond ETF,,,,
EZA,iShares MSCI South Africa ETF,,,,
CGCP,Capital Group Core Plus Income ETF,,,,
YYY,YieldShares High Income ETF,,,,
FEM,First Trust Emerging Markets AlphaDEX ETF,,,,
KBWP,Invesco KBW Property & Casualty Insurance ETF,,,,
CSB,Victory US Small Cap High Dividend Volatility Weighted Index ETF,,,,
NUMV,NuShares ESG Mid-Cap Value ETF,,,,
COMB,GraniteShares Bloomberg Commodity Broad Strategy No K-1 ETF,,,,
XMHQ,Invesco S&P MidCap Quality ETF,,,,
FNOV,FT Cboe Vest U.S. Equity Buffer ETF - November,,,,
PSC,Principal U.S. Small Cap ETF,,,,
HMOP,Hartford Municipal Opportunities ETF,,,,
BGRN,iShares Global Green Bond ETF,,,,
DRLL,EA Series Trust Strive U.S. Energy ETF,,,,
GCC,GreenHaven Continuous Commodity Index Fund ETF,,,,
BCD,Aberdeen Bloomberg All Commodity Longer Dated K-1 Free Strategy ETF,,,,
FLBR,Franklin FTSE Brazil ETF,,,,
